category,text
tech,New app ChatterAI trends among users
sports,Real Madrid wins the championship after budget announcement
politics,Leader David Kim addresses nation on education reforms
entertainment,Streaming platform releases The Last Dance
entertainment,Director Samantha Lee plans sequel to Space Rush
tech,Tech conference showcases robotics
tech,Hackers breach Banking App data
business,Economy shows steady growth in Q1
entertainment,Director Ravi Verma plans sequel to Legacy
entertainment,Director Ravi Verma plans sequel to Legacy
business,Economy shows steady growth in Q1
tech,Tech conference showcases sustainable tech
tech,New app MindZone trends among users
business,Company Samantha Lee announces IPO plans
sports,Injury sidelines Cristiano Ronaldo for 6 days
sports,Injury sidelines LeBron James for entire season
business,New policy to impact automobile sector
tech,New app ChatterAI trends among users
sports,Match between Barcelona and Pakistan ends in draw
sports,Player Samantha Lee sets new record in tennis
tech,Tech conference showcases self-driving cars
business,New policy to impact automobile sector
tech,Tech conference showcases self-driving cars
tech,New app MindZone trends among users
tech,Apple releases new AI-powered voice assistant
business,Startup Ravi Verma raises $10M in funding
business,Stock market reacts to interest rate hike
politics,Leader Nina Shah addresses nation on education reforms
entertainment,Director Samantha Lee plans sequel to Empire
sports,Real Madrid wins the championship after interest rate hike
tech,Meta releases new AI-powered voice assistant
sports,Injury sidelines Virat Kohli for entire season
business,Startup Samantha Lee raises $50M in funding
entertainment,Actor Amit Roy stars in upcoming thriller movie
entertainment,Director David Kim plans sequel to Legacy
sports,Coach Samantha Lee leads team to victory
tech,New app ChatterAI trends among users
politics,Election results show shift in South
politics,Opposition questions decision on reservation bill
entertainment,Celebrity Ravi Verma shares update on social media
tech,Breakthrough in machine learning announced by researchers
business,Company Nina Shah announces new merger
entertainment,Celebrity Ravi Verma shares update on social media
tech,Hackers breach Hospital System data
business,Stock market reacts to interest rate hike
business,Economy shows steady growth in Q2
politics,Government announces new law on immigration
entertainment,Streaming platform releases Inside Edge
entertainment,Celebrity Amit Roy shares update on social media
entertainment,Award show recognizes debut performance
business,Economy shows positive growth in Q3
business,Company Samantha Lee announces CEO resignation
entertainment,Actor Ravi Verma stars in upcoming drama movie
entertainment,Director Ravi Verma plans sequel to The Final Game
business,New policy to impact pharma sector
entertainment,Celebrity David Kim shares update on social media
politics,Opposition questions decision on cyber law
sports,Coach Samantha Lee leads team to victory
entertainment,Streaming platform releases Rise of the Phoenix
politics,Parliament debates on tax reform bill
entertainment,Actor Ravi Verma stars in upcoming thriller movie
tech,Tesla releases new AI-powered car
tech,Breakthrough in AI vision announced by researchers
tech,Google releases new AI-powered laptop
business,Startup David Kim raises $1B in funding
entertainment,Celebrity Samantha Lee shares update on social media
sports,Player Nina Shah sets new record in cricket
sports,Match between Barcelona and Germany ends in draw
entertainment,Award show recognizes debut performance
sports,Coach David Kim leads team to victory
tech,New app NewsNow trends among users
tech,New app ChatterAI trends among users
entertainment,Streaming platform releases Inside Edge
tech,New app QuickFit trends among users
tech,New app QuickFit trends among users
sports,Match between Barcelona and Juventus ends in draw
politics,Leader Nina Shah addresses nation on global relations
tech,Tech conference showcases AR headsets
business,Stock market reacts to budget announcement
business,Stock market reacts to budget announcement
entertainment,Streaming platform releases Rise of the Phoenix
sports,Player Ravi Verma sets new record in cricket
tech,Hackers breach Govt Database data
tech,Hackers breach E-Commerce Site data
tech,Hackers breach Hospital System data
politics,Parliament debates on startup bill
sports,Manchester United wins the championship after global crisis
politics,Leader Nina Shah addresses nation on education reforms
sports,India wins the championship after trade war
sports,Manchester United wins the championship after interest rate hike
business,Startup Amit Roy raises $100M in funding
business,Economy shows negative growth in Q4
business,Startup David Kim raises $1B in funding
sports,Coach Ravi Verma leads team to victory
politics,Election results show shift in West
politics,Opposition questions decision on public healthcare
entertainment,Streaming platform releases War and Hope
sports,Manchester United wins the championship after global crisis
tech,Tech conference showcases brain-computer interface
sports,Injury sidelines Virat Kohli for 2 weeks
